Reactant InChIKey,Product InChIKey
GPRLSGONYQIRFK,XLYOFNOQVPJJNP
GPRLSGONYQIRFK,GJJOXIDJZJVXBZ-UHFFFAOYSA-N
MYMOFIZGZYHOMD,XLYOFNOQVPJJNP
MYMOFIZGZYHOMD,GJJOXIDJZJVXBZ-UHFFFAOYSA-N
JBHZDUFZWBLFID-UHFFFAOYSA-N,XLYOFNOQVPJJNP
JBHZDUFZWBLFID-UHFFFAOYSA-N,GJJOXIDJZJVXBZ-UHFFFAOYSA-N
GPRLSGONYQIRFK,XLYOFNOQVPJJNP
GPRLSGONYQIRFK,UGAHNVIDTRHGNO-UHFFFAOYSA-N
MYMOFIZGZYHOMD,XLYOFNOQVPJJNP
MYMOFIZGZYHOMD,UGAHNVIDTRHGNO-UHFFFAOYSA-N
JBHZDUFZWBLFID-UHFFFAOYSA-N,XLYOFNOQVPJJNP
JBHZDUFZWBLFID-UHFFFAOYSA-N,UGAHNVIDTRHGNO-UHFFFAOYSA-N
GPRLSGONYQIRFK,XLYOFNOQVPJJNP
GPRLSGONYQIRFK,OQHPRDLIYNFSDN-UHFFFAOYSA-N
MYMOFIZGZYHOMD,XLYOFNOQVPJJNP
MYMOFIZGZYHOMD,OQHPRDLIYNFSDN-UHFFFAOYSA-N
JBHZDUFZWBLFID-UHFFFAOYSA-N,XLYOFNOQVPJJNP
JBHZDUFZWBLFID-UHFFFAOYSA-N,OQHPRDLIYNFSDN-UHFFFAOYSA-N
GPRLSGONYQIRFK,XLYOFNOQVPJJNP
GPRLSGONYQIRFK,ZKDRILDNFHGHFS-UHFFFAOYSA-N
MYMOFIZGZYHOMD,XLYOFNOQVPJJNP
MYMOFIZGZYHOMD,ZKDRILDNFHGHFS-UHFFFAOYSA-N
JBHZDUFZWBLFID-UHFFFAOYSA-N,XLYOFNOQVPJJNP
JBHZDUFZWBLFID-UHFFFAOYSA-N,ZKDRILDNFHGHFS-UHFFFAOYSA-N
MEFKEPWMEQBLKI,GPRLSGONYQIRFK
MEFKEPWMEQBLKI,ZJUKTBDSGOFHSH
MEFKEPWMEQBLKI,ZQVKVUCAOQZXAY-UHFFFAOYSA-N
JBHZDUFZWBLFID-UHFFFAOYSA-N,GPRLSGONYQIRFK
JBHZDUFZWBLFID-UHFFFAOYSA-N,ZJUKTBDSGOFHSH
JBHZDUFZWBLFID-UHFFFAOYSA-N,ZQVKVUCAOQZXAY-UHFFFAOYSA-N
ZKHQWZAMYRWXGA,LSQKAFLPCXSWCC-UHFFFAOYSA-N
ZKHQWZAMYRWXGA,XTWYTFMLZFPYCI
JBHZDUFZWBLFID-UHFFFAOYSA-N,LSQKAFLPCXSWCC-UHFFFAOYSA-N
JBHZDUFZWBLFID-UHFFFAOYSA-N,XTWYTFMLZFPYCI
GACDQMDRPRGCTN,SPWHLUGPKCNVIP-UHFFFAOYSA-N
GACDQMDRPRGCTN,WHTCPDAXWFLDIH
JBHZDUFZWBLFID-UHFFFAOYSA-N,SPWHLUGPKCNVIP-UHFFFAOYSA-N
JBHZDUFZWBLFID-UHFFFAOYSA-N,WHTCPDAXWFLDIH
GPRLSGONYQIRFK,XLYOFNOQVPJJNP
GPRLSGONYQIRFK,HBODDGPKGWAKIM-UHFFFAOYSA-N
MYMOFIZGZYHOMD,XLYOFNOQVPJJNP
MYMOFIZGZYHOMD,HBODDGPKGWAKIM-UHFFFAOYSA-N
VLLFEMVDMFTBHG-UHFFFAOYSA-N,XLYOFNOQVPJJNP
VLLFEMVDMFTBHG-UHFFFAOYSA-N,HBODDGPKGWAKIM-UHFFFAOYSA-N
GPRLSGONYQIRFK,XLYOFNOQVPJJNP
GPRLSGONYQIRFK,JUTHRRVLZDKLIW-UHFFFAOYSA-N
MYMOFIZGZYHOMD,XLYOFNOQVPJJNP
MYMOFIZGZYHOMD,JUTHRRVLZDKLIW-UHFFFAOYSA-N
VLLFEMVDMFTBHG-UHFFFAOYSA-N,XLYOFNOQVPJJNP
VLLFEMVDMFTBHG-UHFFFAOYSA-N,JUTHRRVLZDKLIW-UHFFFAOYSA-N
GPRLSGONYQIRFK,XLYOFNOQVPJJNP
GPRLSGONYQIRFK,XFGWSIMTGCZXCB-UHFFFAOYSA-N
MYMOFIZGZYHOMD,XLYOFNOQVPJJNP
MYMOFIZGZYHOMD,XFGWSIMTGCZXCB-UHFFFAOYSA-N
VLLFEMVDMFTBHG-UHFFFAOYSA-N,XLYOFNOQVPJJNP
VLLFEMVDMFTBHG-UHFFFAOYSA-N,XFGWSIMTGCZXCB-UHFFFAOYSA-N
MEFKEPWMEQBLKI,GPRLSGONYQIRFK
MEFKEPWMEQBLKI,ZJUKTBDSGOFHSH
MEFKEPWMEQBLKI,GSOCVVDJSGPECA-UHFFFAOYSA-N
VLLFEMVDMFTBHG-UHFFFAOYSA-N,GPRLSGONYQIRFK
VLLFEMVDMFTBHG-UHFFFAOYSA-N,ZJUKTBDSGOFHSH
VLLFEMVDMFTBHG-UHFFFAOYSA-N,GSOCVVDJSGPECA-UHFFFAOYSA-N
MEFKEPWMEQBLKI,GPRLSGONYQIRFK
MEFKEPWMEQBLKI,ZJUKTBDSGOFHSH
MEFKEPWMEQBLKI,JBHWDFSKZLHKKG-UHFFFAOYSA-N
VLLFEMVDMFTBHG-UHFFFAOYSA-N,GPRLSGONYQIRFK
VLLFEMVDMFTBHG-UHFFFAOYSA-N,ZJUKTBDSGOFHSH
VLLFEMVDMFTBHG-UHFFFAOYSA-N,JBHWDFSKZLHKKG-UHFFFAOYSA-N
ZKHQWZAMYRWXGA,MZYJGEXNSHNLCY-UHFFFAOYSA-N
ZKHQWZAMYRWXGA,XTWYTFMLZFPYCI
VLLFEMVDMFTBHG-UHFFFAOYSA-N,MZYJGEXNSHNLCY-UHFFFAOYSA-N
VLLFEMVDMFTBHG-UHFFFAOYSA-N,XTWYTFMLZFPYCI
ZKHQWZAMYRWXGA,FQZRJAIXDZCUJW-UHFFFAOYSA-N
ZKHQWZAMYRWXGA,XTWYTFMLZFPYCI
VLLFEMVDMFTBHG-UHFFFAOYSA-N,FQZRJAIXDZCUJW-UHFFFAOYSA-N
VLLFEMVDMFTBHG-UHFFFAOYSA-N,XTWYTFMLZFPYCI
GACDQMDRPRGCTN,JKDLOMBVZPSTHX-UHFFFAOYSA-N
GACDQMDRPRGCTN,WHTCPDAXWFLDIH
VLLFEMVDMFTBHG-UHFFFAOYSA-N,JKDLOMBVZPSTHX-UHFFFAOYSA-N
VLLFEMVDMFTBHG-UHFFFAOYSA-N,WHTCPDAXWFLDIH
GACDQMDRPRGCTN,ZSSCMUBYLPDIGE-UHFFFAOYSA-N
GACDQMDRPRGCTN,WHTCPDAXWFLDIH
VLLFEMVDMFTBHG-UHFFFAOYSA-N,ZSSCMUBYLPDIGE-UHFFFAOYSA-N
VLLFEMVDMFTBHG-UHFFFAOYSA-N,WHTCPDAXWFLDIH
XLYOFNOQVPJJNP,YOEREVDVEFVNBN-UHFFFAOYSA-N
VLLFEMVDMFTBHG-UHFFFAOYSA-N,YOEREVDVEFVNBN-UHFFFAOYSA-N
GPRLSGONYQIRFK,XLYOFNOQVPJJNP
GPRLSGONYQIRFK,CHWNFUGNDLVOQZ-PEHGTWAWSA-N
MYMOFIZGZYHOMD,XLYOFNOQVPJJNP
MYMOFIZGZYHOMD,CHWNFUGNDLVOQZ-PEHGTWAWSA-N
KVEWMYIEWUOFBI-VIFPVBQESA-N,XLYOFNOQVPJJNP
KVEWMYIEWUOFBI-VIFPVBQESA-N,CHWNFUGNDLVOQZ-PEHGTWAWSA-N
GPRLSGONYQIRFK,XLYOFNOQVPJJNP
GPRLSGONYQIRFK,MTJMOHIULCOSGZ-QVDQXJPCSA-N
MYMOFIZGZYHOMD,XLYOFNOQVPJJNP
MYMOFIZGZYHOMD,MTJMOHIULCOSGZ-QVDQXJPCSA-N
KVEWMYIEWUOFBI-VIFPVBQESA-N,XLYOFNOQVPJJNP
KVEWMYIEWUOFBI-VIFPVBQESA-N,MTJMOHIULCOSGZ-QVDQXJPCSA-N
GPRLSGONYQIRFK,XLYOFNOQVPJJNP
GPRLSGONYQIRFK,WJDBGNLJOUPUEZ-FTNKSUMCSA-N
MYMOFIZGZYHOMD,XLYOFNOQVPJJNP
MYMOFIZGZYHOMD,WJDBGNLJOUPUEZ-FTNKSUMCSA-N
KVEWMYIEWUOFBI-VIFPVBQESA-N,XLYOFNOQVPJJNP
KVEWMYIEWUOFBI-VIFPVBQESA-N,WJDBGNLJOUPUEZ-FTNKSUMCSA-N
MEFKEPWMEQBLKI,GPRLSGONYQIRFK
MEFKEPWMEQBLKI,ZJUKTBDSGOFHSH
MEFKEPWMEQBLKI,VAWBYGJDLIHTOD-JTQLQIEISA-N
KVEWMYIEWUOFBI-VIFPVBQESA-N,GPRLSGONYQIRFK
KVEWMYIEWUOFBI-VIFPVBQESA-N,ZJUKTBDSGOFHSH
KVEWMYIEWUOFBI-VIFPVBQESA-N,VAWBYGJDLIHTOD-JTQLQIEISA-N
MEFKEPWMEQBLKI,GPRLSGONYQIRFK
MEFKEPWMEQBLKI,ZJUKTBDSGOFHSH
MEFKEPWMEQBLKI,ZSJDWQIWNMTHQX-JTQLQIEISA-N
KVEWMYIEWUOFBI-VIFPVBQESA-N,GPRLSGONYQIRFK
KVEWMYIEWUOFBI-VIFPVBQESA-N,ZJUKTBDSGOFHSH
KVEWMYIEWUOFBI-VIFPVBQESA-N,ZSJDWQIWNMTHQX-JTQLQIEISA-N
MEFKEPWMEQBLKI,GPRLSGONYQIRFK
MEFKEPWMEQBLKI,ZJUKTBDSGOFHSH
MEFKEPWMEQBLKI,NJRRTPVTXMNWEU-JTQLQIEISA-N
KVEWMYIEWUOFBI-VIFPVBQESA-N,GPRLSGONYQIRFK
KVEWMYIEWUOFBI-VIFPVBQESA-N,ZJUKTBDSGOFHSH
KVEWMYIEWUOFBI-VIFPVBQESA-N,NJRRTPVTXMNWEU-JTQLQIEISA-N
ZKHQWZAMYRWXGA,SOOUVOSFVQODOH-VIFPVBQESA-N
ZKHQWZAMYRWXGA,XTWYTFMLZFPYCI
KVEWMYIEWUOFBI-VIFPVBQESA-N,SOOUVOSFVQODOH-VIFPVBQESA-N
KVEWMYIEWUOFBI-VIFPVBQESA-N,XTWYTFMLZFPYCI
ZKHQWZAMYRWXGA,LATOXIKSWBRNIP-VIFPVBQESA-N
ZKHQWZAMYRWXGA,XTWYTFMLZFPYCI
KVEWMYIEWUOFBI-VIFPVBQESA-N,LATOXIKSWBRNIP-VIFPVBQESA-N
KVEWMYIEWUOFBI-VIFPVBQESA-N,XTWYTFMLZFPYCI
ZKHQWZAMYRWXGA,UHCGQUIOHOIDEQ-VIFPVBQESA-N
ZKHQWZAMYRWXGA,XTWYTFMLZFPYCI
KVEWMYIEWUOFBI-VIFPVBQESA-N,UHCGQUIOHOIDEQ-VIFPVBQESA-N
KVEWMYIEWUOFBI-VIFPVBQESA-N,XTWYTFMLZFPYCI
GACDQMDRPRGCTN,UTJXEHZSZIUNHG-VIFPVBQESA-N
GACDQMDRPRGCTN,WHTCPDAXWFLDIH
KVEWMYIEWUOFBI-VIFPVBQESA-N,UTJXEHZSZIUNHG-VIFPVBQESA-N
KVEWMYIEWUOFBI-VIFPVBQESA-N,WHTCPDAXWFLDIH
KVEWMYIEWUOFBI-VIFPVBQESA-N,CURLTUGMZLYLDI
KVEWMYIEWUOFBI-VIFPVBQESA-N,GTLGHKNKLRZSMO-MRVPVSSYSA-N
KVEWMYIEWUOFBI-VIFPVBQESA-N,KNNYKXAQKVTYCN-JTQLQIEISA-N
KVEWMYIEWUOFBI-VIFPVBQESA-N,XLYOFNOQVPJJNP
GPRLSGONYQIRFK,XLYOFNOQVPJJNP
GPRLSGONYQIRFK,AIOUVWMJOQAZQN-CITFOPHVSA-N
MYMOFIZGZYHOMD,XLYOFNOQVPJJNP
MYMOFIZGZYHOMD,AIOUVWMJOQAZQN-CITFOPHVSA-N
PIBJADPEZQHMQS-FVEFGIFQSA-N,XLYOFNOQVPJJNP
PIBJADPEZQHMQS-FVEFGIFQSA-N,AIOUVWMJOQAZQN-CITFOPHVSA-N
MEFKEPWMEQBLKI,GPRLSGONYQIRFK
MEFKEPWMEQBLKI,ZJUKTBDSGOFHSH
MEFKEPWMEQBLKI,MEVCKSPEWGQRBS-JSVGYJQLSA-N
PIBJADPEZQHMQS-FVEFGIFQSA-N,GPRLSGONYQIRFK
PIBJADPEZQHMQS-FVEFGIFQSA-N,ZJUKTBDSGOFHSH
PIBJADPEZQHMQS-FVEFGIFQSA-N,MEVCKSPEWGQRBS-JSVGYJQLSA-N
ZKHQWZAMYRWXGA,AIYLGEWLBUYEAN-FVEFGIFQSA-N
ZKHQWZAMYRWXGA,XTWYTFMLZFPYCI
PIBJADPEZQHMQS-FVEFGIFQSA-N,AIYLGEWLBUYEAN-FVEFGIFQSA-N
PIBJADPEZQHMQS-FVEFGIFQSA-N,XTWYTFMLZFPYCI
GACDQMDRPRGCTN,BLNKKISVIIXCCM-FVEFGIFQSA-N
GACDQMDRPRGCTN,WHTCPDAXWFLDIH
PIBJADPEZQHMQS-FVEFGIFQSA-N,BLNKKISVIIXCCM-FVEFGIFQSA-N
PIBJADPEZQHMQS-FVEFGIFQSA-N,WHTCPDAXWFLDIH
MYMOFIZGZYHOMD,ZPAMVZPUSMMWKS-GWMRQPHLSA-N
XOZFCTKEUWXPAF-GWMRQPHLSA-N,ZPAMVZPUSMMWKS-GWMRQPHLSA-N
GPRLSGONYQIRFK,XLYOFNOQVPJJNP
GPRLSGONYQIRFK,VYHISUYLQPFCCN-NNHZXBFZSA-N
MYMOFIZGZYHOMD,XLYOFNOQVPJJNP
MYMOFIZGZYHOMD,VYHISUYLQPFCCN-NNHZXBFZSA-N
XOZFCTKEUWXPAF-GWMRQPHLSA-N,XLYOFNOQVPJJNP
XOZFCTKEUWXPAF-GWMRQPHLSA-N,VYHISUYLQPFCCN-NNHZXBFZSA-N
GPRLSGONYQIRFK,XLYOFNOQVPJJNP
GPRLSGONYQIRFK,XFKCLOZAVAQLAG-CDJGFJIESA-N
MYMOFIZGZYHOMD,XLYOFNOQVPJJNP
MYMOFIZGZYHOMD,XFKCLOZAVAQLAG-CDJGFJIESA-N
XOZFCTKEUWXPAF-GWMRQPHLSA-N,XLYOFNOQVPJJNP
XOZFCTKEUWXPAF-GWMRQPHLSA-N,XFKCLOZAVAQLAG-CDJGFJIESA-N
GPRLSGONYQIRFK,XLYOFNOQVPJJNP
GPRLSGONYQIRFK,QHMKMCQGXPWNHO-MMQKSRPCSA-N
MYMOFIZGZYHOMD,XLYOFNOQVPJJNP
MYMOFIZGZYHOMD,QHMKMCQGXPWNHO-MMQKSRPCSA-N
XOZFCTKEUWXPAF-GWMRQPHLSA-N,XLYOFNOQVPJJNP
XOZFCTKEUWXPAF-GWMRQPHLSA-N,QHMKMCQGXPWNHO-MMQKSRPCSA-N
MEFKEPWMEQBLKI,GPRLSGONYQIRFK
MEFKEPWMEQBLKI,ZJUKTBDSGOFHSH
MEFKEPWMEQBLKI,VUZAXRFKQRHWHJ-DFIZQSQMSA-N
XOZFCTKEUWXPAF-GWMRQPHLSA-N,GPRLSGONYQIRFK
XOZFCTKEUWXPAF-GWMRQPHLSA-N,ZJUKTBDSGOFHSH
XOZFCTKEUWXPAF-GWMRQPHLSA-N,VUZAXRFKQRHWHJ-DFIZQSQMSA-N
MEFKEPWMEQBLKI,GPRLSGONYQIRFK
MEFKEPWMEQBLKI,ZJUKTBDSGOFHSH
MEFKEPWMEQBLKI,BKHDXBMFYPCQBA-DFIZQSQMSA-N
XOZFCTKEUWXPAF-GWMRQPHLSA-N,GPRLSGONYQIRFK
XOZFCTKEUWXPAF-GWMRQPHLSA-N,ZJUKTBDSGOFHSH
XOZFCTKEUWXPAF-GWMRQPHLSA-N,BKHDXBMFYPCQBA-DFIZQSQMSA-N
MEFKEPWMEQBLKI,GPRLSGONYQIRFK
MEFKEPWMEQBLKI,ZJUKTBDSGOFHSH
MEFKEPWMEQBLKI,MRLYYLVVCOQHTK-DFIZQSQMSA-N
XOZFCTKEUWXPAF-GWMRQPHLSA-N,GPRLSGONYQIRFK
XOZFCTKEUWXPAF-GWMRQPHLSA-N,ZJUKTBDSGOFHSH
XOZFCTKEUWXPAF-GWMRQPHLSA-N,MRLYYLVVCOQHTK-DFIZQSQMSA-N
MEFKEPWMEQBLKI,GPRLSGONYQIRFK
MEFKEPWMEQBLKI,ZJUKTBDSGOFHSH
MEFKEPWMEQBLKI,QMVPYHHNLGBQJC-DFIZQSQMSA-N
XOZFCTKEUWXPAF-GWMRQPHLSA-N,GPRLSGONYQIRFK
XOZFCTKEUWXPAF-GWMRQPHLSA-N,ZJUKTBDSGOFHSH
XOZFCTKEUWXPAF-GWMRQPHLSA-N,QMVPYHHNLGBQJC-DFIZQSQMSA-N
ZKHQWZAMYRWXGA,TWNKECYEMXFVCS-GWMRQPHLSA-N
ZKHQWZAMYRWXGA,XTWYTFMLZFPYCI
XOZFCTKEUWXPAF-GWMRQPHLSA-N,TWNKECYEMXFVCS-GWMRQPHLSA-N
XOZFCTKEUWXPAF-GWMRQPHLSA-N,XTWYTFMLZFPYCI
GACDQMDRPRGCTN,CAMXURQKNDQFPG-GWMRQPHLSA-N
GACDQMDRPRGCTN,WHTCPDAXWFLDIH
XOZFCTKEUWXPAF-GWMRQPHLSA-N,CAMXURQKNDQFPG-GWMRQPHLSA-N
XOZFCTKEUWXPAF-GWMRQPHLSA-N,WHTCPDAXWFLDIH
XLYOFNOQVPJJNP,XAPPKGGZZCDIKU-GWMRQPHLSA-N
XOZFCTKEUWXPAF-GWMRQPHLSA-N,XAPPKGGZZCDIKU-GWMRQPHLSA-N
XOZFCTKEUWXPAF-GWMRQPHLSA-N,CPRUKCXRIYEJFS-GWMRQPHLSA-N
XOZFCTKEUWXPAF-GWMRQPHLSA-N,XLYOFNOQVPJJNP
XOZFCTKEUWXPAF-GWMRQPHLSA-N,DMPLOLQNTQWWBU-FFJNGYCPSA-N
XLYOFNOQVPJJNP,DMPLOLQNTQWWBU-FFJNGYCPSA-N
XOZFCTKEUWXPAF-GWMRQPHLSA-N,LHZPUVGUARIIFY-FFJNGYCPSA-N
QGZKDVFQNNGYKY,LHZPUVGUARIIFY-FFJNGYCPSA-N
MYMOFIZGZYHOMD,VOYOWUCJFGYUAW-UHFFFAOYSA-N
GYPPDNDDXCBVDJ-UHFFFAOYSA-N,VOYOWUCJFGYUAW-UHFFFAOYSA-N
GPRLSGONYQIRFK,XLYOFNOQVPJJNP
GPRLSGONYQIRFK,KRTXCZGMTSPEAF-UHFFFAOYSA-N
MYMOFIZGZYHOMD,XLYOFNOQVPJJNP
MYMOFIZGZYHOMD,KRTXCZGMTSPEAF-UHFFFAOYSA-N
GYPPDNDDXCBVDJ-UHFFFAOYSA-N,XLYOFNOQVPJJNP
GYPPDNDDXCBVDJ-UHFFFAOYSA-N,KRTXCZGMTSPEAF-UHFFFAOYSA-N
GPRLSGONYQIRFK,XLYOFNOQVPJJNP
GPRLSGONYQIRFK,DKHDGQHGXDKERD-UHFFFAOYSA-N
MYMOFIZGZYHOMD,XLYOFNOQVPJJNP
MYMOFIZGZYHOMD,DKHDGQHGXDKERD-UHFFFAOYSA-N
GYPPDNDDXCBVDJ-UHFFFAOYSA-N,XLYOFNOQVPJJNP
GYPPDNDDXCBVDJ-UHFFFAOYSA-N,DKHDGQHGXDKERD-UHFFFAOYSA-N
GPRLSGONYQIRFK,XLYOFNOQVPJJNP
GPRLSGONYQIRFK,QADQMKDUTMXQOW-UHFFFAOYSA-N
MYMOFIZGZYHOMD,XLYOFNOQVPJJNP
MYMOFIZGZYHOMD,QADQMKDUTMXQOW-UHFFFAOYSA-N
GYPPDNDDXCBVDJ-UHFFFAOYSA-N,XLYOFNOQVPJJNP
GYPPDNDDXCBVDJ-UHFFFAOYSA-N,QADQMKDUTMXQOW-UHFFFAOYSA-N
MEFKEPWMEQBLKI,GPRLSGONYQIRFK
MEFKEPWMEQBLKI,ZJUKTBDSGOFHSH
MEFKEPWMEQBLKI,MXWOOMBLHWQQBO-UHFFFAOYSA-N
GYPPDNDDXCBVDJ-UHFFFAOYSA-N,GPRLSGONYQIRFK
GYPPDNDDXCBVDJ-UHFFFAOYSA-N,ZJUKTBDSGOFHSH
GYPPDNDDXCBVDJ-UHFFFAOYSA-N,MXWOOMBLHWQQBO-UHFFFAOYSA-N
MEFKEPWMEQBLKI,GPRLSGONYQIRFK
MEFKEPWMEQBLKI,ZJUKTBDSGOFHSH
MEFKEPWMEQBLKI,UZULBFOIEGXGNE-UHFFFAOYSA-N
GYPPDNDDXCBVDJ-UHFFFAOYSA-N,GPRLSGONYQIRFK
GYPPDNDDXCBVDJ-UHFFFAOYSA-N,ZJUKTBDSGOFHSH
GYPPDNDDXCBVDJ-UHFFFAOYSA-N,UZULBFOIEGXGNE-UHFFFAOYSA-N
ZKHQWZAMYRWXGA,BULBPYUMIOSUDV-UHFFFAOYSA-N
ZKHQWZAMYRWXGA,XTWYTFMLZFPYCI
GYPPDNDDXCBVDJ-UHFFFAOYSA-N,BULBPYUMIOSUDV-UHFFFAOYSA-N
GYPPDNDDXCBVDJ-UHFFFAOYSA-N,XTWYTFMLZFPYCI
GACDQMDRPRGCTN,POLVGTRRXRKWPM-UHFFFAOYSA-N
GACDQMDRPRGCTN,WHTCPDAXWFLDIH
GYPPDNDDXCBVDJ-UHFFFAOYSA-N,POLVGTRRXRKWPM-UHFFFAOYSA-N
GYPPDNDDXCBVDJ-UHFFFAOYSA-N,WHTCPDAXWFLDIH
MYMOFIZGZYHOMD,XLSMFKSTNGKWQX-UHFFFAOYSA-N
MYMOFIZGZYHOMD,IVWHOSYSYSPKDH-YTDVASOBSA-N
GEDRJURLYBVEGS-OABDCZROSA-N,XLSMFKSTNGKWQX-UHFFFAOYSA-N
GEDRJURLYBVEGS-OABDCZROSA-N,IVWHOSYSYSPKDH-YTDVASOBSA-N
GPRLSGONYQIRFK,XLYOFNOQVPJJNP
GPRLSGONYQIRFK,HGMJJMPFOKLVOS-OABDCZROSA-N
MYMOFIZGZYHOMD,XLYOFNOQVPJJNP
MYMOFIZGZYHOMD,HGMJJMPFOKLVOS-OABDCZROSA-N
GEDRJURLYBVEGS-OABDCZROSA-N,XLYOFNOQVPJJNP
GEDRJURLYBVEGS-OABDCZROSA-N,HGMJJMPFOKLVOS-OABDCZROSA-N
GPRLSGONYQIRFK,XLYOFNOQVPJJNP
GPRLSGONYQIRFK,LOFMXBKVGQOTQT-PTOSCBFFSA-N
MYMOFIZGZYHOMD,XLYOFNOQVPJJNP
MYMOFIZGZYHOMD,LOFMXBKVGQOTQT-PTOSCBFFSA-N
GEDRJURLYBVEGS-OABDCZROSA-N,XLYOFNOQVPJJNP
GEDRJURLYBVEGS-OABDCZROSA-N,LOFMXBKVGQOTQT-PTOSCBFFSA-N
GPRLSGONYQIRFK,XLYOFNOQVPJJNP
GPRLSGONYQIRFK,HZNBUEMKJGSDMD-CZEUWOKZSA-N
MYMOFIZGZYHOMD,XLYOFNOQVPJJNP
MYMOFIZGZYHOMD,HZNBUEMKJGSDMD-CZEUWOKZSA-N
GEDRJURLYBVEGS-OABDCZROSA-N,XLYOFNOQVPJJNP
GEDRJURLYBVEGS-OABDCZROSA-N,HZNBUEMKJGSDMD-CZEUWOKZSA-N
GPRLSGONYQIRFK,XLYOFNOQVPJJNP
GPRLSGONYQIRFK,KXMKZLFMSZVTIX-PLTBAHETSA-N
MYMOFIZGZYHOMD,XLYOFNOQVPJJNP
MYMOFIZGZYHOMD,KXMKZLFMSZVTIX-PLTBAHETSA-N
GEDRJURLYBVEGS-OABDCZROSA-N,XLYOFNOQVPJJNP
GEDRJURLYBVEGS-OABDCZROSA-N,KXMKZLFMSZVTIX-PLTBAHETSA-N
GPRLSGONYQIRFK,XLYOFNOQVPJJNP
GPRLSGONYQIRFK,QXAZBHNVMWEJOG-YCEBJIGRSA-N
MYMOFIZGZYHOMD,XLYOFNOQVPJJNP
MYMOFIZGZYHOMD,QXAZBHNVMWEJOG-YCEBJIGRSA-N
GEDRJURLYBVEGS-OABDCZROSA-N,XLYOFNOQVPJJNP
GEDRJURLYBVEGS-OABDCZROSA-N,QXAZBHNVMWEJOG-YCEBJIGRSA-N
GPRLSGONYQIRFK,XLYOFNOQVPJJNP
GPRLSGONYQIRFK,ATUKMYATQLCSIB-YVZDFNJFSA-N
MYMOFIZGZYHOMD,XLYOFNOQVPJJNP
MYMOFIZGZYHOMD,ATUKMYATQLCSIB-YVZDFNJFSA-N
GEDRJURLYBVEGS-OABDCZROSA-N,XLYOFNOQVPJJNP
GEDRJURLYBVEGS-OABDCZROSA-N,ATUKMYATQLCSIB-YVZDFNJFSA-N
GPRLSGONYQIRFK,XLYOFNOQVPJJNP
GPRLSGONYQIRFK,VEIWSEMPBLRKEW-ZODOFXTESA-N
MYMOFIZGZYHOMD,XLYOFNOQVPJJNP
MYMOFIZGZYHOMD,VEIWSEMPBLRKEW-ZODOFXTESA-N
GEDRJURLYBVEGS-OABDCZROSA-N,XLYOFNOQVPJJNP
GEDRJURLYBVEGS-OABDCZROSA-N,VEIWSEMPBLRKEW-ZODOFXTESA-N
GPRLSGONYQIRFK,XLYOFNOQVPJJNP
GPRLSGONYQIRFK,QIKGUWHIAZBEIP-GTYRVSOKSA-N
MYMOFIZGZYHOMD,XLYOFNOQVPJJNP
MYMOFIZGZYHOMD,QIKGUWHIAZBEIP-GTYRVSOKSA-N
GEDRJURLYBVEGS-OABDCZROSA-N,XLYOFNOQVPJJNP
GEDRJURLYBVEGS-OABDCZROSA-N,QIKGUWHIAZBEIP-GTYRVSOKSA-N
GPRLSGONYQIRFK,XLYOFNOQVPJJNP
GPRLSGONYQIRFK,VFQPXLHEKZPONE-MQTYYNOPSA-N
MYMOFIZGZYHOMD,XLYOFNOQVPJJNP
MYMOFIZGZYHOMD,VFQPXLHEKZPONE-MQTYYNOPSA-N
GEDRJURLYBVEGS-OABDCZROSA-N,XLYOFNOQVPJJNP
GEDRJURLYBVEGS-OABDCZROSA-N,VFQPXLHEKZPONE-MQTYYNOPSA-N
GPRLSGONYQIRFK,XLYOFNOQVPJJNP
GPRLSGONYQIRFK,WUYMQUVKZBDWMX-ROSCIQIVSA-N
MYMOFIZGZYHOMD,XLYOFNOQVPJJNP
MYMOFIZGZYHOMD,WUYMQUVKZBDWMX-ROSCIQIVSA-N
GEDRJURLYBVEGS-OABDCZROSA-N,XLYOFNOQVPJJNP
GEDRJURLYBVEGS-OABDCZROSA-N,WUYMQUVKZBDWMX-ROSCIQIVSA-N
GPRLSGONYQIRFK,XLYOFNOQVPJJNP
GPRLSGONYQIRFK,JUSGPVYTTGVQJI-LAAGEUGNSA-N
MYMOFIZGZYHOMD,XLYOFNOQVPJJNP
MYMOFIZGZYHOMD,JUSGPVYTTGVQJI-LAAGEUGNSA-N
GEDRJURLYBVEGS-OABDCZROSA-N,XLYOFNOQVPJJNP
GEDRJURLYBVEGS-OABDCZROSA-N,JUSGPVYTTGVQJI-LAAGEUGNSA-N
GPRLSGONYQIRFK,XLYOFNOQVPJJNP
GPRLSGONYQIRFK,MAYALWNYRFEQSA-XQWZEXOPSA-N
MYMOFIZGZYHOMD,XLYOFNOQVPJJNP
MYMOFIZGZYHOMD,MAYALWNYRFEQSA-XQWZEXOPSA-N
GEDRJURLYBVEGS-OABDCZROSA-N,XLYOFNOQVPJJNP
GEDRJURLYBVEGS-OABDCZROSA-N,MAYALWNYRFEQSA-XQWZEXOPSA-N
GPRLSGONYQIRFK,XLYOFNOQVPJJNP
GPRLSGONYQIRFK,HNZVSSKTHJHWKT-RJFBSYRKSA-N
MYMOFIZGZYHOMD,XLYOFNOQVPJJNP
MYMOFIZGZYHOMD,HNZVSSKTHJHWKT-RJFBSYRKSA-N
GEDRJURLYBVEGS-OABDCZROSA-N,XLYOFNOQVPJJNP
GEDRJURLYBVEGS-OABDCZROSA-N,HNZVSSKTHJHWKT-RJFBSYRKSA-N
MEFKEPWMEQBLKI,GPRLSGONYQIRFK
MEFKEPWMEQBLKI,ZJUKTBDSGOFHSH
MEFKEPWMEQBLKI,APCKWBUWVIWURF-YEHASFBXSA-N
GEDRJURLYBVEGS-OABDCZROSA-N,GPRLSGONYQIRFK
GEDRJURLYBVEGS-OABDCZROSA-N,ZJUKTBDSGOFHSH
GEDRJURLYBVEGS-OABDCZROSA-N,APCKWBUWVIWURF-YEHASFBXSA-N
MEFKEPWMEQBLKI,GPRLSGONYQIRFK
MEFKEPWMEQBLKI,ZJUKTBDSGOFHSH
MEFKEPWMEQBLKI,QIZVZKNUDPZIKD-UYDXHPSUSA-N
GEDRJURLYBVEGS-OABDCZROSA-N,GPRLSGONYQIRFK
GEDRJURLYBVEGS-OABDCZROSA-N,ZJUKTBDSGOFHSH
GEDRJURLYBVEGS-OABDCZROSA-N,QIZVZKNUDPZIKD-UYDXHPSUSA-N
MEFKEPWMEQBLKI,GPRLSGONYQIRFK
MEFKEPWMEQBLKI,ZJUKTBDSGOFHSH
MEFKEPWMEQBLKI,LBRPLWWVPIVLCP-UYDXHPSUSA-N
GEDRJURLYBVEGS-OABDCZROSA-N,GPRLSGONYQIRFK
GEDRJURLYBVEGS-OABDCZROSA-N,ZJUKTBDSGOFHSH
GEDRJURLYBVEGS-OABDCZROSA-N,LBRPLWWVPIVLCP-UYDXHPSUSA-N
WHUUTDBJXJRKMK,KPGXRSRHYNQIFN
WHUUTDBJXJRKMK,SPMVTMMVUDFCSP-RXDOJMEZSA-N
GEDRJURLYBVEGS-OABDCZROSA-N,KPGXRSRHYNQIFN
GEDRJURLYBVEGS-OABDCZROSA-N,SPMVTMMVUDFCSP-RXDOJMEZSA-N
ZKHQWZAMYRWXGA,LRPSXJJMOOBHJF-OABDCZROSA-N
ZKHQWZAMYRWXGA,XTWYTFMLZFPYCI
GEDRJURLYBVEGS-OABDCZROSA-N,LRPSXJJMOOBHJF-OABDCZROSA-N
GEDRJURLYBVEGS-OABDCZROSA-N,XTWYTFMLZFPYCI
ZKHQWZAMYRWXGA,TUVWRUFCKOFWKC-OABDCZROSA-N
ZKHQWZAMYRWXGA,XTWYTFMLZFPYCI
GEDRJURLYBVEGS-OABDCZROSA-N,TUVWRUFCKOFWKC-OABDCZROSA-N
GEDRJURLYBVEGS-OABDCZROSA-N,XTWYTFMLZFPYCI
XLYOFNOQVPJJNP,QJJNSTZOINDYLJ-IOBFHXPUSA-N
GEDRJURLYBVEGS-OABDCZROSA-N,QJJNSTZOINDYLJ-IOBFHXPUSA-N
XLYOFNOQVPJJNP,YTDBTPIFTKHZDP-LJBWPERZSA-N
GEDRJURLYBVEGS-OABDCZROSA-N,YTDBTPIFTKHZDP-LJBWPERZSA-N
GEDRJURLYBVEGS-OABDCZROSA-N,LGEPIFSJHQZDKU-FEZLIYIESA-N
GEDRJURLYBVEGS-OABDCZROSA-N,XLYOFNOQVPJJNP
GPRLSGONYQIRFK,XLYOFNOQVPJJNP
GPRLSGONYQIRFK,HEMZDDNSRRDBDE-XOBRGWDASA-N
MYMOFIZGZYHOMD,XLYOFNOQVPJJNP
MYMOFIZGZYHOMD,HEMZDDNSRRDBDE-XOBRGWDASA-N
LMJBIFCLJPOYLS-YWZLYKJASA-N,XLYOFNOQVPJJNP
LMJBIFCLJPOYLS-YWZLYKJASA-N,HEMZDDNSRRDBDE-XOBRGWDASA-N
GPRLSGONYQIRFK,XLYOFNOQVPJJNP
GPRLSGONYQIRFK,HGBBLBJDBNQOBC-XOBRGWDASA-N
MYMOFIZGZYHOMD,XLYOFNOQVPJJNP
MYMOFIZGZYHOMD,HGBBLBJDBNQOBC-XOBRGWDASA-N
LMJBIFCLJPOYLS-YWZLYKJASA-N,XLYOFNOQVPJJNP
LMJBIFCLJPOYLS-YWZLYKJASA-N,HGBBLBJDBNQOBC-XOBRGWDASA-N
GPRLSGONYQIRFK,XLYOFNOQVPJJNP
GPRLSGONYQIRFK,SZBBIFAMAKBCLU-UZMOSDRWSA-N
MYMOFIZGZYHOMD,XLYOFNOQVPJJNP
MYMOFIZGZYHOMD,SZBBIFAMAKBCLU-UZMOSDRWSA-N
LMJBIFCLJPOYLS-YWZLYKJASA-N,XLYOFNOQVPJJNP
LMJBIFCLJPOYLS-YWZLYKJASA-N,SZBBIFAMAKBCLU-UZMOSDRWSA-N
GPRLSGONYQIRFK,XLYOFNOQVPJJNP
GPRLSGONYQIRFK,MUUAWAJJXCRBGW-YNSNGZELSA-N
MYMOFIZGZYHOMD,XLYOFNOQVPJJNP
MYMOFIZGZYHOMD,MUUAWAJJXCRBGW-YNSNGZELSA-N
LMJBIFCLJPOYLS-YWZLYKJASA-N,XLYOFNOQVPJJNP
LMJBIFCLJPOYLS-YWZLYKJASA-N,MUUAWAJJXCRBGW-YNSNGZELSA-N
GPRLSGONYQIRFK,XLYOFNOQVPJJNP
GPRLSGONYQIRFK,XNXYPZWYOBUQGL-JVKDVLJSSA-N
MYMOFIZGZYHOMD,XLYOFNOQVPJJNP
MYMOFIZGZYHOMD,XNXYPZWYOBUQGL-JVKDVLJSSA-N
LMJBIFCLJPOYLS-YWZLYKJASA-N,XLYOFNOQVPJJNP
LMJBIFCLJPOYLS-YWZLYKJASA-N,XNXYPZWYOBUQGL-JVKDVLJSSA-N
GPRLSGONYQIRFK,XLYOFNOQVPJJNP
GPRLSGONYQIRFK,RIIGXDVUHPFIRL-WOJBJXKFSA-N
MYMOFIZGZYHOMD,XLYOFNOQVPJJNP
MYMOFIZGZYHOMD,RIIGXDVUHPFIRL-WOJBJXKFSA-N
LMJBIFCLJPOYLS-YWZLYKJASA-N,XLYOFNOQVPJJNP
LMJBIFCLJPOYLS-YWZLYKJASA-N,RIIGXDVUHPFIRL-WOJBJXKFSA-N
GPRLSGONYQIRFK,XLYOFNOQVPJJNP
GPRLSGONYQIRFK,GAWBCPSBBOYRPT-AQCCAAQSSA-N
MYMOFIZGZYHOMD,XLYOFNOQVPJJNP
MYMOFIZGZYHOMD,GAWBCPSBBOYRPT-AQCCAAQSSA-N
LMJBIFCLJPOYLS-YWZLYKJASA-N,XLYOFNOQVPJJNP
LMJBIFCLJPOYLS-YWZLYKJASA-N,GAWBCPSBBOYRPT-AQCCAAQSSA-N
MEFKEPWMEQBLKI,GPRLSGONYQIRFK
MEFKEPWMEQBLKI,ZJUKTBDSGOFHSH
MEFKEPWMEQBLKI,YCOSUPDUCZAASO-KKSFZXQISA-N
LMJBIFCLJPOYLS-YWZLYKJASA-N,GPRLSGONYQIRFK
LMJBIFCLJPOYLS-YWZLYKJASA-N,ZJUKTBDSGOFHSH
LMJBIFCLJPOYLS-YWZLYKJASA-N,YCOSUPDUCZAASO-KKSFZXQISA-N
MEFKEPWMEQBLKI,GPRLSGONYQIRFK
MEFKEPWMEQBLKI,ZJUKTBDSGOFHSH
MEFKEPWMEQBLKI,DAMUDZSTLQTVRP-KKSFZXQISA-N
LMJBIFCLJPOYLS-YWZLYKJASA-N,GPRLSGONYQIRFK
LMJBIFCLJPOYLS-YWZLYKJASA-N,ZJUKTBDSGOFHSH
LMJBIFCLJPOYLS-YWZLYKJASA-N,DAMUDZSTLQTVRP-KKSFZXQISA-N
WHUUTDBJXJRKMK,KPGXRSRHYNQIFN
WHUUTDBJXJRKMK,NLSZAHLTLOJPJT-JQHMPQBSSA-N
LMJBIFCLJPOYLS-YWZLYKJASA-N,KPGXRSRHYNQIFN
LMJBIFCLJPOYLS-YWZLYKJASA-N,NLSZAHLTLOJPJT-JQHMPQBSSA-N
ZKHQWZAMYRWXGA,GVIIKYMFDQZWAV-YWZLYKJASA-N
ZKHQWZAMYRWXGA,XTWYTFMLZFPYCI
LMJBIFCLJPOYLS-YWZLYKJASA-N,GVIIKYMFDQZWAV-YWZLYKJASA-N
LMJBIFCLJPOYLS-YWZLYKJASA-N,XTWYTFMLZFPYCI
ZKHQWZAMYRWXGA,HHVIHVBYLWSAJG-YWZLYKJASA-N
ZKHQWZAMYRWXGA,XTWYTFMLZFPYCI
LMJBIFCLJPOYLS-YWZLYKJASA-N,HHVIHVBYLWSAJG-YWZLYKJASA-N
LMJBIFCLJPOYLS-YWZLYKJASA-N,XTWYTFMLZFPYCI
GACDQMDRPRGCTN,NPXZIULNRQPHPS-YWZLYKJASA-N
GACDQMDRPRGCTN,WHTCPDAXWFLDIH
LMJBIFCLJPOYLS-YWZLYKJASA-N,NPXZIULNRQPHPS-YWZLYKJASA-N
LMJBIFCLJPOYLS-YWZLYKJASA-N,WHTCPDAXWFLDIH
GACDQMDRPRGCTN,JXPSQKOTRDBFDY-YWZLYKJASA-N
GACDQMDRPRGCTN,WHTCPDAXWFLDIH
LMJBIFCLJPOYLS-YWZLYKJASA-N,JXPSQKOTRDBFDY-YWZLYKJASA-N
LMJBIFCLJPOYLS-YWZLYKJASA-N,WHTCPDAXWFLDIH
XLYOFNOQVPJJNP,JDWCNQHQLBWNON-MGPUTAFESA-N
LMJBIFCLJPOYLS-YWZLYKJASA-N,JDWCNQHQLBWNON-MGPUTAFESA-N
XLYOFNOQVPJJNP,LMFPQANCZUUQKM-YUNKPMOVSA-N
LMJBIFCLJPOYLS-YWZLYKJASA-N,LMFPQANCZUUQKM-YUNKPMOVSA-N
LMJBIFCLJPOYLS-YWZLYKJASA-N,CQAGPYWZRCNBGZ-YWZLYKJASA-N
LMJBIFCLJPOYLS-YWZLYKJASA-N,XLYOFNOQVPJJNP
GPRLSGONYQIRFK,XLYOFNOQVPJJNP
GPRLSGONYQIRFK,DKXVJNKMECRLPC-UHFFFAOYSA-N
MYMOFIZGZYHOMD,XLYOFNOQVPJJNP
MYMOFIZGZYHOMD,DKXVJNKMECRLPC-UHFFFAOYSA-N
IMTNQTDZOGWHGC-UHFFFAOYSA-N,XLYOFNOQVPJJNP
IMTNQTDZOGWHGC-UHFFFAOYSA-N,DKXVJNKMECRLPC-UHFFFAOYSA-N
GPRLSGONYQIRFK,XLYOFNOQVPJJNP
GPRLSGONYQIRFK,FCMXOHGQUZZUKW-UHFFFAOYSA-N
MYMOFIZGZYHOMD,XLYOFNOQVPJJNP
MYMOFIZGZYHOMD,FCMXOHGQUZZUKW-UHFFFAOYSA-N
IMTNQTDZOGWHGC-UHFFFAOYSA-N,XLYOFNOQVPJJNP
IMTNQTDZOGWHGC-UHFFFAOYSA-N,FCMXOHGQUZZUKW-UHFFFAOYSA-N
GPRLSGONYQIRFK,XLYOFNOQVPJJNP
GPRLSGONYQIRFK,VBTVRZBEHXHECG-UHFFFAOYSA-N
MYMOFIZGZYHOMD,XLYOFNOQVPJJNP
MYMOFIZGZYHOMD,VBTVRZBEHXHECG-UHFFFAOYSA-N
IMTNQTDZOGWHGC-UHFFFAOYSA-N,XLYOFNOQVPJJNP
IMTNQTDZOGWHGC-UHFFFAOYSA-N,VBTVRZBEHXHECG-UHFFFAOYSA-N
MEFKEPWMEQBLKI,GPRLSGONYQIRFK
MEFKEPWMEQBLKI,ZJUKTBDSGOFHSH
MEFKEPWMEQBLKI,CZFAAPGDAMVKTN-UHFFFAOYSA-N
IMTNQTDZOGWHGC-UHFFFAOYSA-N,GPRLSGONYQIRFK
IMTNQTDZOGWHGC-UHFFFAOYSA-N,ZJUKTBDSGOFHSH
IMTNQTDZOGWHGC-UHFFFAOYSA-N,CZFAAPGDAMVKTN-UHFFFAOYSA-N
ZKHQWZAMYRWXGA,IEDNVRQHBNVYRI-UHFFFAOYSA-N
ZKHQWZAMYRWXGA,XTWYTFMLZFPYCI
IMTNQTDZOGWHGC-UHFFFAOYSA-N,IEDNVRQHBNVYRI-UHFFFAOYSA-N
IMTNQTDZOGWHGC-UHFFFAOYSA-N,XTWYTFMLZFPYCI
XLYOFNOQVPJJNP,FDMRTZUPPNOZIS-UHFFFAOYSA-N
XLYOFNOQVPJJNP,NIWFXRKHWKGFMT-UHFFFAOYSA-N
IMTNQTDZOGWHGC-UHFFFAOYSA-N,FDMRTZUPPNOZIS-UHFFFAOYSA-N
IMTNQTDZOGWHGC-UHFFFAOYSA-N,NIWFXRKHWKGFMT-UHFFFAOYSA-N
XLYOFNOQVPJJNP,BTMGNMVXQDKXRT-UHFFFAOYSA-N
IMTNQTDZOGWHGC-UHFFFAOYSA-N,BTMGNMVXQDKXRT-UHFFFAOYSA-N
XLYOFNOQVPJJNP,BSKUSKBTCQIFDK-UHFFFAOYSA-N
IMTNQTDZOGWHGC-UHFFFAOYSA-N,BSKUSKBTCQIFDK-UHFFFAOYSA-N
IMTNQTDZOGWHGC-UHFFFAOYSA-N,JODQQSJRDJLMPY-UHFFFAOYSA-N
IMTNQTDZOGWHGC-UHFFFAOYSA-N,XLYOFNOQVPJJNP
IMTNQTDZOGWHGC-UHFFFAOYSA-N,XGPUQOUCZIRYEQ-UHFFFAOYSA-N
IMTNQTDZOGWHGC-UHFFFAOYSA-N,XLYOFNOQVPJJNP
IMTNQTDZOGWHGC-UHFFFAOYSA-N,AREFKEQYSQUNOT-UHFFFAOYSA-N
IMTNQTDZOGWHGC-UHFFFAOYSA-N,XLYOFNOQVPJJNP
IMTNQTDZOGWHGC-UHFFFAOYSA-N,WVPAMWIJDYYQSJ-UHFFFAOYSA-N
IMTNQTDZOGWHGC-UHFFFAOYSA-N,XLYOFNOQVPJJNP
IMTNQTDZOGWHGC-UHFFFAOYSA-N,FVQLPDILVKGCJT-UHFFFAOYSA-N
IMTNQTDZOGWHGC-UHFFFAOYSA-N,XLYOFNOQVPJJNP
IMTNQTDZOGWHGC-UHFFFAOYSA-N,DUPHKQBVFQNLQZ-UHFFFAOYSA-N
IMTNQTDZOGWHGC-UHFFFAOYSA-N,XLYOFNOQVPJJNP
GPRLSGONYQIRFK,XLYOFNOQVPJJNP
GPRLSGONYQIRFK,VOHMGHZTHVKJCD-KAXJWTHZSA-N
MYMOFIZGZYHOMD,XLYOFNOQVPJJNP
MYMOFIZGZYHOMD,VOHMGHZTHVKJCD-KAXJWTHZSA-N
XMHBNVOKTWBGOR-VAJVCTTCSA-N,XLYOFNOQVPJJNP
XMHBNVOKTWBGOR-VAJVCTTCSA-N,VOHMGHZTHVKJCD-KAXJWTHZSA-N
GPRLSGONYQIRFK,XLYOFNOQVPJJNP
GPRLSGONYQIRFK,PSFSORKTNKWMQQ-KAXJWTHZSA-N
MYMOFIZGZYHOMD,XLYOFNOQVPJJNP
MYMOFIZGZYHOMD,PSFSORKTNKWMQQ-KAXJWTHZSA-N
XMHBNVOKTWBGOR-VAJVCTTCSA-N,XLYOFNOQVPJJNP
XMHBNVOKTWBGOR-VAJVCTTCSA-N,PSFSORKTNKWMQQ-KAXJWTHZSA-N
GPRLSGONYQIRFK,XLYOFNOQVPJJNP
GPRLSGONYQIRFK,ZFQKIDNKLZWMBG-HXCCXDFNSA-N
MYMOFIZGZYHOMD,XLYOFNOQVPJJNP
MYMOFIZGZYHOMD,ZFQKIDNKLZWMBG-HXCCXDFNSA-N
XMHBNVOKTWBGOR-VAJVCTTCSA-N,XLYOFNOQVPJJNP
XMHBNVOKTWBGOR-VAJVCTTCSA-N,ZFQKIDNKLZWMBG-HXCCXDFNSA-N
GPRLSGONYQIRFK,XLYOFNOQVPJJNP
GPRLSGONYQIRFK,WGVDMGBKBLOLSS-FEMQTCNNSA-N
MYMOFIZGZYHOMD,XLYOFNOQVPJJNP
MYMOFIZGZYHOMD,WGVDMGBKBLOLSS-FEMQTCNNSA-N
XMHBNVOKTWBGOR-VAJVCTTCSA-N,XLYOFNOQVPJJNP
XMHBNVOKTWBGOR-VAJVCTTCSA-N,WGVDMGBKBLOLSS-FEMQTCNNSA-N
GPRLSGONYQIRFK,XLYOFNOQVPJJNP
GPRLSGONYQIRFK,XPUNDJIAXPMRHK-XYFQFYMESA-N
MYMOFIZGZYHOMD,XLYOFNOQVPJJNP
MYMOFIZGZYHOMD,XPUNDJIAXPMRHK-XYFQFYMESA-N
XMHBNVOKTWBGOR-VAJVCTTCSA-N,XLYOFNOQVPJJNP
XMHBNVOKTWBGOR-VAJVCTTCSA-N,XPUNDJIAXPMRHK-XYFQFYMESA-N
GPRLSGONYQIRFK,XLYOFNOQVPJJNP
GPRLSGONYQIRFK,UJCRMQATEAJHHH-XYFQFYMESA-N
MYMOFIZGZYHOMD,XLYOFNOQVPJJNP
MYMOFIZGZYHOMD,UJCRMQATEAJHHH-XYFQFYMESA-N
XMHBNVOKTWBGOR-VAJVCTTCSA-N,XLYOFNOQVPJJNP
XMHBNVOKTWBGOR-VAJVCTTCSA-N,UJCRMQATEAJHHH-XYFQFYMESA-N
GPRLSGONYQIRFK,XLYOFNOQVPJJNP
GPRLSGONYQIRFK,XSBWTJKIXQFMNR-XYFQFYMESA-N
MYMOFIZGZYHOMD,XLYOFNOQVPJJNP
MYMOFIZGZYHOMD,XSBWTJKIXQFMNR-XYFQFYMESA-N
XMHBNVOKTWBGOR-VAJVCTTCSA-N,XLYOFNOQVPJJNP
XMHBNVOKTWBGOR-VAJVCTTCSA-N,XSBWTJKIXQFMNR-XYFQFYMESA-N
GPRLSGONYQIRFK,XLYOFNOQVPJJNP
GPRLSGONYQIRFK,SRRYPOUSJSCFKR-XYFQFYMESA-N
MYMOFIZGZYHOMD,XLYOFNOQVPJJNP
MYMOFIZGZYHOMD,SRRYPOUSJSCFKR-XYFQFYMESA-N
XMHBNVOKTWBGOR-VAJVCTTCSA-N,XLYOFNOQVPJJNP
XMHBNVOKTWBGOR-VAJVCTTCSA-N,SRRYPOUSJSCFKR-XYFQFYMESA-N
GPRLSGONYQIRFK,XLYOFNOQVPJJNP
GPRLSGONYQIRFK,JNUZEVZAXTWDNG-XYFQFYMESA-N
MYMOFIZGZYHOMD,XLYOFNOQVPJJNP
MYMOFIZGZYHOMD,JNUZEVZAXTWDNG-XYFQFYMESA-N
XMHBNVOKTWBGOR-VAJVCTTCSA-N,XLYOFNOQVPJJNP
XMHBNVOKTWBGOR-VAJVCTTCSA-N,JNUZEVZAXTWDNG-XYFQFYMESA-N
GPRLSGONYQIRFK,XLYOFNOQVPJJNP
GPRLSGONYQIRFK,UWWRHIOLIGHRRS-XYFQFYMESA-N
MYMOFIZGZYHOMD,XLYOFNOQVPJJNP
MYMOFIZGZYHOMD,UWWRHIOLIGHRRS-XYFQFYMESA-N
XMHBNVOKTWBGOR-VAJVCTTCSA-N,XLYOFNOQVPJJNP
XMHBNVOKTWBGOR-VAJVCTTCSA-N,UWWRHIOLIGHRRS-XYFQFYMESA-N
GPRLSGONYQIRFK,XLYOFNOQVPJJNP
GPRLSGONYQIRFK,GYTUNFYHZSUHMH-XYFQFYMESA-N
MYMOFIZGZYHOMD,XLYOFNOQVPJJNP
MYMOFIZGZYHOMD,GYTUNFYHZSUHMH-XYFQFYMESA-N
XMHBNVOKTWBGOR-VAJVCTTCSA-N,XLYOFNOQVPJJNP
XMHBNVOKTWBGOR-VAJVCTTCSA-N,GYTUNFYHZSUHMH-XYFQFYMESA-N
GPRLSGONYQIRFK,XLYOFNOQVPJJNP
GPRLSGONYQIRFK,SYGUZQWXEWZNMI-XYFQFYMESA-N
MYMOFIZGZYHOMD,XLYOFNOQVPJJNP
MYMOFIZGZYHOMD,SYGUZQWXEWZNMI-XYFQFYMESA-N
XMHBNVOKTWBGOR-VAJVCTTCSA-N,XLYOFNOQVPJJNP
XMHBNVOKTWBGOR-VAJVCTTCSA-N,SYGUZQWXEWZNMI-XYFQFYMESA-N
GPRLSGONYQIRFK,XLYOFNOQVPJJNP
GPRLSGONYQIRFK,IBHGTENGUNIHGM-PGPJLCBESA-N
MYMOFIZGZYHOMD,XLYOFNOQVPJJNP
MYMOFIZGZYHOMD,IBHGTENGUNIHGM-PGPJLCBESA-N
XMHBNVOKTWBGOR-VAJVCTTCSA-N,XLYOFNOQVPJJNP
XMHBNVOKTWBGOR-VAJVCTTCSA-N,IBHGTENGUNIHGM-PGPJLCBESA-N
MEFKEPWMEQBLKI,GPRLSGONYQIRFK
MEFKEPWMEQBLKI,ZJUKTBDSGOFHSH
MEFKEPWMEQBLKI,UHWWERNQALBSTN-WVQGRRFISA-N
XMHBNVOKTWBGOR-VAJVCTTCSA-N,GPRLSGONYQIRFK
XMHBNVOKTWBGOR-VAJVCTTCSA-N,ZJUKTBDSGOFHSH
XMHBNVOKTWBGOR-VAJVCTTCSA-N,UHWWERNQALBSTN-WVQGRRFISA-N
XLYOFNOQVPJJNP,QBDVYPGEZTXUFB-GKUBGEIGSA-N
XLYOFNOQVPJJNP,UIERETOOQGIECD-ONEGZZNKSA-N
XMHBNVOKTWBGOR-VAJVCTTCSA-N,QBDVYPGEZTXUFB-GKUBGEIGSA-N
XMHBNVOKTWBGOR-VAJVCTTCSA-N,UIERETOOQGIECD-ONEGZZNKSA-N
XLYOFNOQVPJJNP,AWOKONFYZFOKQQ-CFDZFAMASA-N
XMHBNVOKTWBGOR-VAJVCTTCSA-N,AWOKONFYZFOKQQ-CFDZFAMASA-N
XLYOFNOQVPJJNP,CSOYUEWUTGEFCM-IDGZCSNJSA-N
XLYOFNOQVPJJNP,QHOCNNVTMIFDFP-NOWHUZAPSA-N
XMHBNVOKTWBGOR-VAJVCTTCSA-N,CSOYUEWUTGEFCM-IDGZCSNJSA-N
XMHBNVOKTWBGOR-VAJVCTTCSA-N,QHOCNNVTMIFDFP-NOWHUZAPSA-N
XMHBNVOKTWBGOR-VAJVCTTCSA-N,SVHAZEXWWROWPL-WPHARKJTSA-N
XMHBNVOKTWBGOR-VAJVCTTCSA-N,XLYOFNOQVPJJNP
XMHBNVOKTWBGOR-VAJVCTTCSA-N,GHYUAZZHPWEOGL-DHJWMCGBSA-N
XMHBNVOKTWBGOR-VAJVCTTCSA-N,XLYOFNOQVPJJNP
XMHBNVOKTWBGOR-VAJVCTTCSA-N,QKJAXPKQWRCIPB-DHJWMCGBSA-N
XMHBNVOKTWBGOR-VAJVCTTCSA-N,XLYOFNOQVPJJNP
XMHBNVOKTWBGOR-VAJVCTTCSA-N,WKXCZZWPDWMDBG-DHJWMCGBSA-N
XMHBNVOKTWBGOR-VAJVCTTCSA-N,XLYOFNOQVPJJNP
XMHBNVOKTWBGOR-VAJVCTTCSA-N,UWDUYMGJFQBBPT-DHJWMCGBSA-N
XMHBNVOKTWBGOR-VAJVCTTCSA-N,XLYOFNOQVPJJNP
XMHBNVOKTWBGOR-VAJVCTTCSA-N,PPMILNGVYQVIBB-DHJWMCGBSA-N
XMHBNVOKTWBGOR-VAJVCTTCSA-N,XLYOFNOQVPJJNP
XMHBNVOKTWBGOR-VAJVCTTCSA-N,VOMLGQGRZHLMCK-DHJWMCGBSA-N
XMHBNVOKTWBGOR-VAJVCTTCSA-N,XLYOFNOQVPJJNP
XMHBNVOKTWBGOR-VAJVCTTCSA-N,RXLLNWKYBFUVQT-DHJWMCGBSA-N
XMHBNVOKTWBGOR-VAJVCTTCSA-N,XLYOFNOQVPJJNP
XMHBNVOKTWBGOR-VAJVCTTCSA-N,OLUUSMGFDXVWFJ-XMITVUNCSA-N
XMHBNVOKTWBGOR-VAJVCTTCSA-N,XLYOFNOQVPJJNP
XMHBNVOKTWBGOR-VAJVCTTCSA-N,VFUHJYKAJXRKQP-JFKYGPGASA-N
XLYOFNOQVPJJNP,VFUHJYKAJXRKQP-JFKYGPGASA-N
XMHBNVOKTWBGOR-VAJVCTTCSA-N,JOMWFDHWOXDJML-JFKYGPGASA-N
QGZKDVFQNNGYKY,JOMWFDHWOXDJML-JFKYGPGASA-N
XMHBNVOKTWBGOR-VAJVCTTCSA-N,YRIKGNUABGMSCV-OCPQVAHXSA-N
KVEWMYIEWUOFBI-VIFPVBQESA-N,XLYOFNOQVPJJNP
KVEWMYIEWUOFBI-VIFPVBQESA-N,KIEATOGEYUWTSR-UHFFFAOYSA-N
KVEWMYIEWUOFBI-VIFPVBQESA-N,ZSLZBFCDCINBPY
RGJOEKWQDUBAIZ,XLYOFNOQVPJJNP
RGJOEKWQDUBAIZ,KIEATOGEYUWTSR-UHFFFAOYSA-N
RGJOEKWQDUBAIZ,ZSLZBFCDCINBPY
XLYOFNOQVPJJNP,CONMATKEZWYBED-DYMIMBMGSA-N
XLYOFNOQVPJJNP,QTBSBXVTEAMEQO
XMHBNVOKTWBGOR-VAJVCTTCSA-N,CONMATKEZWYBED-DYMIMBMGSA-N
XMHBNVOKTWBGOR-VAJVCTTCSA-N,QTBSBXVTEAMEQO
XLYOFNOQVPJJNP,FEPMHTIAPOLSBM-PZIYDZMMSA-N
XLYOFNOQVPJJNP,QTBSBXVTEAMEQO
XMHBNVOKTWBGOR-VAJVCTTCSA-N,FEPMHTIAPOLSBM-PZIYDZMMSA-N
XMHBNVOKTWBGOR-VAJVCTTCSA-N,QTBSBXVTEAMEQO
XLYOFNOQVPJJNP,BFXDJBYVDXQBRI-QBQVIKAGSA-N
XLYOFNOQVPJJNP,QTBSBXVTEAMEQO
XMHBNVOKTWBGOR-VAJVCTTCSA-N,BFXDJBYVDXQBRI-QBQVIKAGSA-N
XMHBNVOKTWBGOR-VAJVCTTCSA-N,QTBSBXVTEAMEQO
XLYOFNOQVPJJNP,XELHOCKDHQAAQS-JNTDNAPLSA-N
XLYOFNOQVPJJNP,QTBSBXVTEAMEQO
XMHBNVOKTWBGOR-VAJVCTTCSA-N,XELHOCKDHQAAQS-JNTDNAPLSA-N
XMHBNVOKTWBGOR-VAJVCTTCSA-N,QTBSBXVTEAMEQO
XLYOFNOQVPJJNP,VGQGMXRXHBCOKM-UHFFFAOYSA-N
XLYOFNOQVPJJNP,QTBSBXVTEAMEQO
IMTNQTDZOGWHGC-UHFFFAOYSA-N,VGQGMXRXHBCOKM-UHFFFAOYSA-N
IMTNQTDZOGWHGC-UHFFFAOYSA-N,QTBSBXVTEAMEQO
XLYOFNOQVPJJNP,BYQOLLTWNANNSB-UHFFFAOYSA-N
XLYOFNOQVPJJNP,QTBSBXVTEAMEQO
IMTNQTDZOGWHGC-UHFFFAOYSA-N,BYQOLLTWNANNSB-UHFFFAOYSA-N
IMTNQTDZOGWHGC-UHFFFAOYSA-N,QTBSBXVTEAMEQO
XLYOFNOQVPJJNP,LPCWZSZGDQMLMC-RDCRAMSYSA-N
XLYOFNOQVPJJNP,QTBSBXVTEAMEQO
XOZFCTKEUWXPAF-GWMRQPHLSA-N,LPCWZSZGDQMLMC-RDCRAMSYSA-N
XOZFCTKEUWXPAF-GWMRQPHLSA-N,QTBSBXVTEAMEQO
KVEWMYIEWUOFBI-VIFPVBQESA-N,QTBSBXVTEAMEQO
KVEWMYIEWUOFBI-VIFPVBQESA-N,URSMXVZPBOYBFQ-UHFFFAOYSA-N
ZSLZBFCDCINBPY,QTBSBXVTEAMEQO
ZSLZBFCDCINBPY,URSMXVZPBOYBFQ-UHFFFAOYSA-N
XLYOFNOQVPJJNP,PHMUWXREOIQYRC-UHFFFAOYSA-N
XLYOFNOQVPJJNP,QTBSBXVTEAMEQO
IMTNQTDZOGWHGC-UHFFFAOYSA-N,PHMUWXREOIQYRC-UHFFFAOYSA-N
IMTNQTDZOGWHGC-UHFFFAOYSA-N,QTBSBXVTEAMEQO
XLYOFNOQVPJJNP,JEUWQGKOCXSTMY-PZIYDZMMSA-N
XLYOFNOQVPJJNP,QTBSBXVTEAMEQO
XMHBNVOKTWBGOR-VAJVCTTCSA-N,JEUWQGKOCXSTMY-PZIYDZMMSA-N
XMHBNVOKTWBGOR-VAJVCTTCSA-N,QTBSBXVTEAMEQO
XLYOFNOQVPJJNP,TUJZJKKNQMJMJG-UHFFFAOYSA-N
XLYOFNOQVPJJNP,QTBSBXVTEAMEQO
IMTNQTDZOGWHGC-UHFFFAOYSA-N,TUJZJKKNQMJMJG-UHFFFAOYSA-N
IMTNQTDZOGWHGC-UHFFFAOYSA-N,QTBSBXVTEAMEQO
XLYOFNOQVPJJNP,XEZZLYWOAJOPJQ-PZIYDZMMSA-N
XLYOFNOQVPJJNP,QTBSBXVTEAMEQO
XMHBNVOKTWBGOR-VAJVCTTCSA-N,XEZZLYWOAJOPJQ-PZIYDZMMSA-N
XMHBNVOKTWBGOR-VAJVCTTCSA-N,QTBSBXVTEAMEQO
XLYOFNOQVPJJNP,UQOQNWAITZOLJC-UHFFFAOYSA-N
XLYOFNOQVPJJNP,QTBSBXVTEAMEQO
IMTNQTDZOGWHGC-UHFFFAOYSA-N,UQOQNWAITZOLJC-UHFFFAOYSA-N
IMTNQTDZOGWHGC-UHFFFAOYSA-N,QTBSBXVTEAMEQO
XLYOFNOQVPJJNP,GVCDMXUPTYSVMV-RWNMCTFSSA-N
XLYOFNOQVPJJNP,QTBSBXVTEAMEQO
XMHBNVOKTWBGOR-VAJVCTTCSA-N,GVCDMXUPTYSVMV-RWNMCTFSSA-N
XMHBNVOKTWBGOR-VAJVCTTCSA-N,QTBSBXVTEAMEQO
XLYOFNOQVPJJNP,VKRGDNIAKXMZED-UHFFFAOYSA-N
XLYOFNOQVPJJNP,QTBSBXVTEAMEQO
IMTNQTDZOGWHGC-UHFFFAOYSA-N,VKRGDNIAKXMZED-UHFFFAOYSA-N
IMTNQTDZOGWHGC-UHFFFAOYSA-N,QTBSBXVTEAMEQO
XLYOFNOQVPJJNP,RLVFSATZBWAMHO-QBQVIKAGSA-N
XLYOFNOQVPJJNP,QTBSBXVTEAMEQO
XMHBNVOKTWBGOR-VAJVCTTCSA-N,RLVFSATZBWAMHO-QBQVIKAGSA-N
XMHBNVOKTWBGOR-VAJVCTTCSA-N,QTBSBXVTEAMEQO
KVEWMYIEWUOFBI-VIFPVBQESA-N,XLYOFNOQVPJJNP
KVEWMYIEWUOFBI-VIFPVBQESA-N,MAPKGQXPJQBMFD-UHFFFAOYSA-N
LMJBIFCLJPOYLS-YWZLYKJASA-N,RGJOEKWQDUBAIZ
LMJBIFCLJPOYLS-YWZLYKJASA-N,LGQJDPPUHFVZAU-NCMGMYTPSA-N
XLYOFNOQVPJJNP,RGJOEKWQDUBAIZ
XLYOFNOQVPJJNP,LGQJDPPUHFVZAU-NCMGMYTPSA-N
ZSLZBFCDCINBPY,RGJOEKWQDUBAIZ
ZSLZBFCDCINBPY,LGQJDPPUHFVZAU-NCMGMYTPSA-N
GEDRJURLYBVEGS-OABDCZROSA-N,RGJOEKWQDUBAIZ
GEDRJURLYBVEGS-OABDCZROSA-N,OOZMGKHWXMNSBK-COQZKDHISA-N
XLYOFNOQVPJJNP,RGJOEKWQDUBAIZ
XLYOFNOQVPJJNP,OOZMGKHWXMNSBK-COQZKDHISA-N
ZSLZBFCDCINBPY,RGJOEKWQDUBAIZ
ZSLZBFCDCINBPY,OOZMGKHWXMNSBK-COQZKDHISA-N
MYMOFIZGZYHOMD,VMYGRWJQXMMVSR-WIUKIUBGSA-N
MYMOFIZGZYHOMD,IKHGUXGNUITLKF
XMHBNVOKTWBGOR-VAJVCTTCSA-N,VMYGRWJQXMMVSR-WIUKIUBGSA-N
XMHBNVOKTWBGOR-VAJVCTTCSA-N,IKHGUXGNUITLKF
